{
  "definitions": {
    "Sales_Order_Details": {
      "kind": "entity",
      "@EndUserText.label": "Sales Order Details",
      "@Analytics.dataCategory": {
        "#": "DataSet"
      },
      "@DataWarehouse.dataSource.schema": "ANA364#WRG_COMUPFA8APROCPSA",
      "@DataWarehouse.dataSource.entity": "sap.dataset.conf_2f9c6cf2-b994-4ee9-aa79-386e1eddf276_view",
      "elements": {
        "Sales_Order_Number": {
          "@EndUserText.label": "Sales Order Number",
          "type": "cds.Integer64",
          "key": true,
          "notNull": true
        },
        "Sales_Order_Line_Number": {
          "@EndUserText.label": "Sales Order Line Number",
          "type": "cds.Integer64",
          "key": true,
          "notNull": true
        },
        "Product_ID": {
          "@EndUserText.label": "Product ID",
          "type": "cds.String",
          "length": 5000
        },
        "Order_Quantity": {
          "@EndUserText.label": "Order Quantity",
          "type": "cds.Integer64"
        },
        "Unit_Price": {
          "@EndUserText.label": "Unit Price",
          "precision": 38,
          "scale": 19,
          "type": "cds.Decimal"
        },
        "Currency": {
          "@EndUserText.label": "Currency",
          "type": "cds.String",
          "length": 5000
        },
        "_Product": {
          "type": "cds.Association",
          "@EndUserText.label": "Sales Order Details to Product",
          "on": [
            {
              "ref": [
                "Product_ID"
              ]
            },
            "=",
            {
              "ref": [
                "_Product",
                "Product_ID"
              ]
            }
          ],
          "target": "Product"
        }
      }
    },
    "Sales_Order_Headers": {
      "kind": "entity",
      "@EndUserText.label": "Sales Order Headers",
      "@Analytics.dataCategory": {
        "#": "DataSet"
      },
      "@DataWarehouse.dataSource.schema": "ANA364#WRG_COMUPFA8APROCPSA",
      "@DataWarehouse.dataSource.entity": "sap.dataset.conf_6c1157b5-d753-472c-b7ee-483d31caa521_view",
      "elements": {
        "Sales_Order_Number": {
          "@EndUserText.label": "Sales Order Number",
          "type": "cds.Integer64",
          "key": true,
          "notNull": true
        },
        "Customer_ID": {
          "@EndUserText.label": "Customer ID",
          "type": "cds.String",
          "length": 5000
        },
        "Order_Date": {
          "@EndUserText.label": "Order Date",
          "type": "cds.Date"
        },
        "Delivery_Date": {
          "@EndUserText.label": "Delivery Date",
          "type": "cds.Date"
        },
        "Discount": {
          "@EndUserText.label": "Discount",
          "precision": 38,
          "scale": 19,
          "type": "cds.Decimal"
        },
        "_Sales_Ord": {
          "type": "cds.Association",
          "@EndUserText.label": "Sales Order Headers to Sales Order Details",
          "on": [
            {
              "ref": [
                "Sales_Order_Number"
              ]
            },
            "=",
            {
              "ref": [
                "_Sales_Ord",
                "Sales_Order_Number"
              ]
            }
          ],
          "target": "Sales_Order_Details"
        },
        "_Customer": {
          "type": "cds.Association",
          "@EndUserText.label": "Sales Order Headers to Customer",
          "on": [
            {
              "ref": [
                "Customer_ID"
              ]
            },
            "=",
            {
              "ref": [
                "_Customer",
                "Customer_ID"
              ]
            }
          ],
          "target": "Customer"
        }
      }
    },
    "Customer": {
      "kind": "entity",
      "@EndUserText.label": "Customer",
      "@Analytics.dataCategory": {
        "#": "DataSet"
      },
      "@DataWarehouse.dataSource.schema": "ANA364#WRG_COMUPFA8APROCPSA",
      "@DataWarehouse.dataSource.entity": "sap.dataset.conf_3357e7e9-4604-412d-9c29-67e1b472187d_view",
      "elements": {
        "Customer_ID": {
          "@EndUserText.label": "Customer ID",
          "type": "cds.String",
          "length": 5000,
          "key": true,
          "notNull": true
        },
        "Customer_Name": {
          "@EndUserText.label": "Customer Name",
          "type": "cds.String",
          "length": 5000
        },
        "City": {
          "@EndUserText.label": "City",
          "type": "cds.String",
          "length": 5000
        },
        "Region": {
          "@EndUserText.label": "Region",
          "type": "cds.String",
          "length": 5000
        },
        "Country": {
          "@EndUserText.label": "Country",
          "type": "cds.String",
          "length": 5000
        }
      }
    },
    "Product": {
      "kind": "entity",
      "@EndUserText.label": "Product",
      "@Analytics.dataCategory": {
        "#": "DataSet"
      },
      "@DataWarehouse.dataSource.schema": "ANA364#WRG_COMUPFA8APROCPSA",
      "@DataWarehouse.dataSource.entity": "sap.dataset.conf_65c27e78-08b9-4345-86f4-9f7e274edec0_view",
      "elements": {
        "Product_ID": {
          "@EndUserText.label": "Product ID",
          "type": "cds.String",
          "length": 5000,
          "key": true,
          "notNull": true
        },
        "Product_Description": {
          "@EndUserText.label": "Product Description",
          "type": "cds.String",
          "length": 5000
        },
        "Product_Category": {
          "@EndUserText.label": "Product Category",
          "type": "cds.String",
          "length": 5000
        },
        "Product_List_Price": {
          "@EndUserText.label": "Product List Price",
          "precision": 38,
          "scale": 19,
          "type": "cds.Decimal"
        },
        "Product_Cost": {
          "@EndUserText.label": "Product Cost",
          "precision": 38,
          "scale": 19,
          "type": "cds.Decimal"
        }
      }
    }
  },
  "version": {
    "csn": "1.0"
  },
  "meta": {
    "creator": "ER Modeler",
    "kind": "sap.dwc.ermodel",
    "label": "Sales Order Entity Relationship Model"
  },
  "$version": "1.0"
}