Customer_ID,Customer_Name,City,Region,Country
CUSTOMER001,Customer Name 001,Ottawa,Canada,Canada
CUSTOMER002,Customer Name 002,Mexico City,Central America,Mexico
CUSTOMER003,Customer Name 003,Tokyo,Eastern Asia,Japan
CUSTOMER004,Customer Name 004,Washington,United States,United States
CUSTOMER005,Customer Name 005,Rabat,North Africa,Morocco
CUSTOMER006,Customer Name 006,London,Northern Europe,United Kingdom
CUSTOMER007,Customer Name 007,Copenhagen,Northern Europe,Denmark
CUSTOMER008,Customer Name 008,Oslo,Northern Europe,Norway
CUSTOMER009,Customer Name 009,Canberra,Oceania,Australia
CUSTOMER010,Customer Name 010,Bloemfontein,South Africa,South Africa
CUSTOMER011,Customer Name 011,Singapore,Southeastern Asia,Singapore
CUSTOMER012,Customer Name 012,Cape Town,Southern Africa,South Africa
CUSTOMER013,Customer Name 013,Pretoria,Southern Africa,South Africa
CUSTOMER014,Customer Name 014,Lisbon,Southern Europe,Portugal
CUSTOMER015,Customer Name 015,Paris,Western Europe,France
CUSTOMER016,Customer Name 016,Berlin,Western Europe,Germany
CUSTOMER017,Customer Name 017,Vienna,Western Europe,Austria
CUSTOMER018,Customer Name 018,The Hague,Western Europe,Netherlands
CUSTOMER019,Customer Name 019,Amsterdam,Western Europe,Netherlands
CUSTOMER020,Customer Name 020,Bern,Western Europe,Switzerland
CUSTOMER021,Customer Name 021,Ottawa,Canada,Canada
CUSTOMER022,Customer Name 022,Mexico City,Central America,Mexico
CUSTOMER023,Customer Name 023,Tokyo,Eastern Asia,Japan
CUSTOMER024,Customer Name 024,Washington,United States,United States
CUSTOMER025,Customer Name 025,Rabat,North Africa,Morocco
CUSTOMER026,Customer Name 026,London,Northern Europe,United Kingdom
CUSTOMER027,Customer Name 027,Copenhagen,Northern Europe,Denmark
CUSTOMER028,Customer Name 028,Oslo,Northern Europe,Norway
CUSTOMER029,Customer Name 029,Canberra,Oceania,Australia
CUSTOMER030,Customer Name 030,Bloemfontein,South Africa,South Africa
CUSTOMER031,Customer Name 031,Singapore,Southeastern Asia,Singapore
CUSTOMER032,Customer Name 032,Cape Town,Southern Africa,South Africa
CUSTOMER033,Customer Name 033,Pretoria,Southern Africa,South Africa
CUSTOMER034,Customer Name 034,Lisbon,Southern Europe,Portugal
CUSTOMER035,Customer Name 035,Paris,Western Europe,France
CUSTOMER036,Customer Name 036,Berlin,Western Europe,Germany
CUSTOMER037,Customer Name 037,Vienna,Western Europe,Austria
CUSTOMER038,Customer Name 038,The Hague,Western Europe,Netherlands
CUSTOMER039,Customer Name 039,Amsterdam,Western Europe,Netherlands
CUSTOMER040,Customer Name 040,Bern,Western Europe,Switzerland
CUSTOMER041,Customer Name 041,Ottawa,Canada,Canada
CUSTOMER042,Customer Name 042,Mexico City,Central America,Mexico
CUSTOMER043,Customer Name 043,Tokyo,Eastern Asia,Japan
CUSTOMER044,Customer Name 044,Washington,United States,United States
CUSTOMER045,Customer Name 045,Rabat,North Africa,Morocco
CUSTOMER046,Customer Name 046,London,Northern Europe,United Kingdom
CUSTOMER047,Customer Name 047,Copenhagen,Northern Europe,Denmark
CUSTOMER048,Customer Name 048,Oslo,Northern Europe,Norway
CUSTOMER049,Customer Name 049,Canberra,Oceania,Australia
CUSTOMER050,Customer Name 050,Bloemfontein,South Africa,South Africa
CUSTOMER051,Customer Name 051,Singapore,Southeastern Asia,Singapore
CUSTOMER052,Customer Name 052,Cape Town,Southern Africa,South Africa
CUSTOMER053,Customer Name 053,Pretoria,Southern Africa,South Africa
CUSTOMER054,Customer Name 054,Lisbon,Southern Europe,Portugal
CUSTOMER055,Customer Name 055,Paris,Western Europe,France
CUSTOMER056,Customer Name 056,Berlin,Western Europe,Germany
CUSTOMER057,Customer Name 057,Vienna,Western Europe,Austria
CUSTOMER058,Customer Name 058,The Hague,Western Europe,Netherlands
CUSTOMER059,Customer Name 059,Amsterdam,Western Europe,Netherlands
CUSTOMER060,Customer Name 060,Bern,Western Europe,Switzerland
