Product_ID,Product_Description,Product_Category,Product_List_Price,Product_Cost
PRODUCT001,Product 001,Product Category 01,13.09,6.42
PRODUCT002,Product 002,Product Category 01,13.97,3.49
PRODUCT003,Product 003,Product Category 01,26.37,15.3
PRODUCT004,Product 004,Product Category 02,24.19,12.58
PRODUCT005,Product 005,Product Category 02,22.29,6.02
PRODUCT006,Product 006,Product Category 02,31.23,10.62
PRODUCT007,Product 007,Product Category 03,13.34,3.07
PRODUCT008,Product 008,Product Category 03,24.95,3.99
PRODUCT009,Product 009,Product Category 03,15.69,12.4
PRODUCT010,Product 010,Product Category 04,14.8,2.52
PRODUCT011,Product 011,Product Category 04,22.76,8.42
PRODUCT012,Product 012,Product Category 04,32.34,16.49
PRODUCT013,Product 013,Product Category 05,17.68,4.07
PRODUCT014,Product 014,Product Category 05,8.94,3.22
PRODUCT015,Product 015,Product Category 05,32.83,9.85
PRODUCT016,Product 016,Product Category 05,3.79,2.5
PRODUCT017,Product 017,Product Category 06,2.28,1.82
PRODUCT018,Product 018,Product Category 06,7.28,4.66
PRODUCT019,Product 019,Product Category 06,8.33,7
PRODUCT020,Product 020,Product Category 06,5.53,1.49
PRODUCT021,Product 021,Product Category 07,6.89,5.79
PRODUCT022,Product 022,Product Category 07,4.82,2.55
PRODUCT023,Product 023,Product Category 07,8.66,3.55
PRODUCT024,Product 024,Product Category 07,2.23,1.05
PRODUCT025,Product 025,Product Category 08,3.15,2.61
PRODUCT026,Product 026,Product Category 08,5.81,4.59
PRODUCT027,Product 027,Product Category 08,4.61,3.55
PRODUCT028,Product 028,Product Category 09,8.47,5.25
PRODUCT029,Product 029,Product Category 09,7.69,1.31
PRODUCT030,Product 030,Product Category 09,8.08,3.96
PRODUCT031,Product 031,Product Category 10,6.34,2.47
PRODUCT032,Product 032,Product Category 10,2.05,1.64
PRODUCT033,Product 033,Product Category 10,8.03,2.73
